{"cameraMode":{"drawMode":0,"name":"Shaded","section":"Shading Mode"},"sceneLighting":true,"audioPlay":false,"sceneViewState":{"showFog":true,"showMaterialUpdate":false,"showSkybox":true,"showFlares":true,"showImageEffects":true,"showParticleSystems":true,"showVisualEffectGraphs":true,"m_FxEnabled":true},"in2DMode":false,"pivot":{"x":0.22616013884544373,"y":-3.2311654090881349,"z":21.37425422668457},"rotation":{"x":-0.2898188829421997,"y":-0.0040183477103710178,"z":0.0012098492588847876,"w":-0.9571770429611206},"size":32.880035400390628,"orthographic":false}