{"cameraMode":{"drawMode":0,"name":"Shaded","section":"Shading Mode"},"sceneLighting":true,"audioPlay":false,"sceneViewState":{"showFog":true,"showMaterialUpdate":false,"showSkybox":true,"showFlares":true,"showImageEffects":true,"showParticleSystems":true,"showVisualEffectGraphs":true,"m_FxEnabled":true},"in2DMode":false,"pivot":{"x":0.29664933681488039,"y":-7.787571907043457,"z":5.6334967613220219},"rotation":{"x":-0.38327789306640627,"y":-0.005538999568670988,"z":0.0022978445049375297,"w":-0.9237186312675476},"size":32.880035400390628,"orthographic":false}