{"cameraMode":{"drawMode":0,"name":"Shaded","section":"Shading Mode"},"sceneLighting":false,"audioPlay":false,"sceneViewState":{"showFog":true,"showMaterialUpdate":false,"showSkybox":false,"showFlares":true,"showImageEffects":true,"showParticleSystems":true,"showVisualEffectGraphs":true,"m_FxEnabled":true},"in2DMode":false,"pivot":{"x":-1.1080396175384522,"y":2.1948745250701906,"z":-4.529088020324707},"rotation":{"x":-0.14372693002223969,"y":0.03264123573899269,"z":-0.004759520757943392,"w":-0.9890976548194885},"size":1.2247449159622193,"orthographic":false}