{"cameraMode":{"drawMode":0,"name":"Shaded","section":"Shading Mode"},"sceneLighting":false,"audioPlay":false,"sceneViewState":{"showFog":true,"showMaterialUpdate":false,"showSkybox":false,"showFlares":true,"showImageEffects":true,"showParticleSystems":true,"showVisualEffectGraphs":true,"m_FxEnabled":true},"in2DMode":false,"pivot":{"x":3.396902322769165,"y":4.904942989349365,"z":-11.04094123840332},"rotation":{"x":0.008698401041328907,"y":0.00599148403853178,"z":0.00003604573430493474,"w":-0.9999743103981018},"size":1.2247449159622193,"orthographic":false}